{
    "Keys": [
        0,
        1,
        2
    ],
    "values": [
        {
            "localPosition": {
                "x": 2.1700000762939455,
                "y": 1.909999966621399,
                "z": 4.940000057220459
            },
            "rotation": {
                "x": 0.0,
                "y": -0.9848793745040894,
                "z": 0.0,
                "w": 0.1732422411441803
            },
            "localScale": {
                "x": 7.2542548179626469,
                "y": 3.950700044631958,
                "z": 4.000873565673828
            }
        },
        {
            "localPosition": {
                "x": 3.140000104904175,
                "y": 1.909999966621399,
                "z": 7.210000038146973
            },
            "rotation": {
                "x": 0.0,
                "y": 0.550894558429718,
                "z": 0.0,
                "w": 0.834574818611145
            },
            "localScale": {
                "x": 8.460368156433106,
                "y": 3.950700044631958,
                "z": 4.000873565673828
            }
        },
        {
            "localPosition": {
                "x": -0.41999998688697817,
                "y": 1.909999966621399,
                "z": 6.820000171661377
            },
            "rotation": {
                "x": 0.0,
                "y": 0.30484724044799807,
                "z": 0.0,
                "w": 0.9524012804031372
            },
            "localScale": {
                "x": 4.6073102951049809,
                "y": 4.192562103271484,
                "z": 4.24580717086792
            }
        }
    ]
}