{
    "Keys": [
        0
    ],
    "values": [
        {
            "localPosition": {
                "x": 2.1700000762939455,
                "y": 1.909999966621399,
                "z": 4.940000057220459
            },
            "rotation": {
                "x": 0.0,
                "y": -0.9848793745040894,
                "z": 0.0,
                "w": 0.1732422411441803
            },
            "localScale": {
                "x": 7.2542548179626469,
                "y": 3.950700044631958,
                "z": 4.000873565673828
            }
        }
    ]
}